{
  "v1_original": {
    "mean_s": 97.62911514499865,
    "p50_s": 97.62911514499865,
    "json_rate": 100.0,
    "truncadas": 0,
    "avg_objetos": 1,
    "avg_out_tokens": 81,
    "n": 1
  },
  "v2_antiloop": {
    "mean_s": 21.325589452000713,
    "p50_s": 21.325589452000713,
    "json_rate": 100.0,
    "truncadas": 0,
    "avg_objetos": 1,
    "avg_out_tokens": 65,
    "n": 1
  }
}